{
  "runtime_s": 0.0033576488494873047,
  "cpu_time_s": 0.03999999999999204,
  "energy_kwh": 2.2222222222217801e-07,
  "co2_kg": 9.333333333331477e-08,
  "water_L": 3.999999999999204e-07,
  "power_watts": 20,
  "carbon_intensity": 420,
  "region": "Hungary",
  "timestamp_utc": "2025-10-19T15:05:08.089306Z",
  "mae": 0.0,
  "n_models": 0,
  "n_features": 1
}